PeriodId,SetCode,Year,Subject,Teacher
1,ZULU3E,3,ZULU,NWN
1,ENGL4E,4,ENGL,KMB
1,ENGL6E,6,ENGL,AEW
1,AFRI8C_2,8,AFRI,AST
1,GEOG9E,9,GEOG,CAE
1,MATH9R,9,MATH,JMJ
1,HIST10C,10,HIST,DAD
1,ENGL12E,12,ENGL,DBW
1,ENGL12R,12,ENGL,DJB
1,MATH1D,1,MATH,EKM
1,MATH1E,1,MATH,TKM
1,MATH1R,1,MATH,JYH
1,ENGL2D,2,ENGL,LM1
1,ENGL2E,2,ENGL,GNB
1,ENGL2R,2,ENGL,RJM
1,ENGL3D,3,ENGL,SLE
1,ENGL3R,3,ENGL,MBT
1,DART4D,4,DART,TPE
1,ENGL4R,4,ENGL,CES
1,CODI5E,5,CODI,ADT
1,SOCS5R,5,SOCS,LMK
1,DART6R,6,DART,CWM
1,MATH7E,7,MATH,CHS
1,PHYS7R,7,PHYS,MKN
1,AFRI8C_1,8,AFRI,MAD
1,ZULU8C,8,ZULU,SBM
1,ACCO10C,10,ACCO,LNB
1,PHYS10C_1,10,PHYS,JDB
1,INFT11C,11,INFT,CLB
1,LSCI11C,11,LSCI,CSE
2,LSCI11C,11,LSCI,CSE
2,STG1S1R,21,STG1,LOH
2,STG2S2E,22,STG2,JJF
2,STG2S2R,22,STG2,SCZ
2,STG4S4E,24,STG4,NHB
2,STG4S4R,24,STG4,NKH
2,STG3S3E,23,STG3,LAG
2,STG3S3R,23,STG3,KJE
2,STG5S5E,25,STG5,LDP
2,CMUSS5D,25,CMUS,JLG
2,ENGLS5R,25,ENGL,AFW
2,INFT11C,11,INFT,CLB
2,PHYS10C_1,10,PHYS,JDB
2,ACCO10C,10,ACCO,LNB
2,ZULU8C,8,ZULU,SBM
2,AFRI8C_1,8,AFRI,MAD
2,PHYS7R,7,PHYS,MKN
2,MATH7E,7,MATH,CHS
2,DART6R,6,DART,CWM
2,SOCS5R,5,SOCS,LMK
2,CODI5E,5,CODI,ADT
2,ENGL4R,4,ENGL,CES
2,DART4D,4,DART,TPE
2,ENGL3R,3,ENGL,MBT
2,ENGL3D,3,ENGL,SLE
2,ENGL2R,2,ENGL,RJM
2,ENGL2E,2,ENGL,GNB
2,ENGL2D,2,ENGL,LM1
2,MATH1R,1,MATH,JYH
2,MATH1E,1,MATH,TKM
2,MATH1D,1,MATH,EKM
2,ENGL12R,12,ENGL,DJB
2,ENGL12E,12,ENGL,DBW
2,HIST10C,10,HIST,DAD
2,MATH9R,9,MATH,JMJ
2,GEOG9E,9,GEOG,CAE
2,AFRI8C_2,8,AFRI,AST
2,ENGL6E,6,ENGL,AEW
2,ENGL4E,4,ENGL,KMB
2,ZULU3E,3,ZULU,NWN
3,ENGL5R,5,ENGL,AEW
3,MATH5E,5,MATH,KDL
3,MATH6E,6,MATH,ADT
3,AFRI7C_1,7,AFRI,AST
3,ZULU7C,7,ZULU,NWN
3,MATH12C,12,MATH,JMJ
3,HIST8D,8,HIST,DAD
3,ENGL9E,9,ENGL,DBW
3,ENGLS5R,25,ENGL,AFW
3,MATH2E,2,MATH,GNB
3,MATH2R,2,MATH,RJM
3,AFRI3R,3,AFRI,MBT
3,CMUS3E,3,CMUS,ALW
3,PHED3D,3,PHED,CRD
3,MATH4D,4,MATH,YSM
3,MATH4E,4,MATH,KMB
3,MATH4R,4,MATH,CES
3,AFRI1R,1,AFRI,JYH
3,ENGL1E,1,ENGL,TKM
3,ZULU1D,1,ZULU,MRM
3,MATH2D,2,MATH,LM1
3,STG3S3R,23,STG3,KJE
3,STG3S3E,23,STG3,LAG
3,STG4S4E,24,STG4,NHB
3,STG2S2R,22,STG2,SCZ
3,STG1S1R,21,STG1,LOH
3,NSCI6R,6,NSCI,LMK
3,AFRI7C_2,7,AFRI,TPE
3,DART8R,8,DART,TYS
3,ENBU8E,8,ENBU,LNB
3,ENGL9R,9,ENGL,CWM
3,GEOG10C,10,GEOG,CAE
3,INFT10C,10,INFT,CLB
3,LSCI10C_2,10,LSCI,CSE
3,PHYS10C_1,10,PHYS,JDB
3,VART10C,10,VART,AHN
3,CMUSS5E,25,CMUS,JLG
3,ENGLS5D,25,ENGL,TNM
3,LORI11R,11,LORI,LNH
3,MLIT12C,12,MLIT,MKN
3,STG2S2E,22,STG2,JJF
3,STG4S4R,24,STG4,NKH
4,STG4S4R,24,STG4,NKH
4,MLIT12C,12,MLIT,MKN
4,ZULU11C,11,ZULU,SBM
4,STG1S1R,21,STG1,LOH
4,ENGLS5D,25,ENGL,TNM
4,AFRI1D,1,AFRI,EKM
4,ENGL1R,1,ENGL,JYH
4,ZULU1E,1,ZULU,MRM
4,MATH3E,3,MATH,NLM
4,SOCS6R,6,SOCS,LMK
4,PUBS8D,8,PUBS,WOE
4,AFRI11C,11,AFRI,MAD
4,VART10C,10,VART,AHN
4,PHYS10C_1,10,PHYS,JDB
4,LSCI10C_2,10,LSCI,CSE
4,INFT10C,10,INFT,CLB
4,GEOG10C,10,GEOG,CAE
4,DART8R,8,DART,TYS
4,AFRI7C_2,7,AFRI,TPE
4,STG2S2E,22,STG2,JJF
4,STG2S2R,22,STG2,SCZ
4,STG4S4E,24,STG4,NHB
4,STG3S3E,23,STG3,LAG
4,STG5S5R,25,STG5,AFW
4,STG3S3R,23,STG3,KJE
4,ENGLS5E,25,ENGL,LDP
4,MATH2D,2,MATH,LM1
4,MATH4R,4,MATH,CES
4,MATH4E,4,MATH,KMB
4,MATH4D,4,MATH,YSM
4,PHED3D,3,PHED,CRD
4,AFRI3R,3,AFRI,MBT
4,MATH2R,2,MATH,RJM
4,MATH2E,2,MATH,GNB
4,ENGL9E,9,ENGL,DBW
4,HIST9R,9,HIST,DAD
4,MATH12C,12,MATH,JMJ
4,ENGL8E,8,ENGL,DJB
4,ZULU7C,7,ZULU,NWN
4,AFRI7C_1,7,AFRI,AST
4,MATH6E,6,MATH,ADT
4,MATH5E,5,MATH,KDL
4,ENGL5R,5,ENGL,AEW
5,ENGL8E,8,ENGL,DJB
5,HIST9R,9,HIST,DAD
5,TUTO7E,7,TUTO,MRM
5,TUTO7R,7,TUTO,KDL
5,LSCI8R,8,LSCI,CSE
5,DSTU12C,12,DSTU,VPA
5,PHYS12C,12,PHYS,JDB
5,ENGLS5E,25,ENGL,LDP
5,STG3S3R,23,STG3,KJE
5,STG5S5D,25,STG5,TNM
5,STG5S5R,25,STG5,AFW
5,TUTO4D,4,TUTO,YSM
5,TUTO4E,4,TUTO,KMB
5,TUTO4R,4,TUTO,CES
5,TUTO5E,5,TUTO,AEW
5,TUTO5R,5,TUTO,LMK
5,TUTO6E,6,TUTO,TPE
5,TUTO6R,6,TUTO,NWN
5,MATH8D,8,MATH,CHS
5,PUBS9E,9,PUBS,DBW
5,LORI10E,10,LORI,LNB
5,LORI10R,10,LORI,CWM
5,BSTU12C,12,BSTU,LNH
5,STG4S4R,24,STG4,NKH
5,STG3S3E,23,STG3,LAG
5,STG4S4E,24,STG4,NHB
5,STG2S2R,22,STG2,SCZ
5,STG2S2E,22,STG2,JJF
5,AFRI11C,11,AFRI,MAD
5,STG1S1R,21,STG1,LOH
5,ZULU11C,11,ZULU,SBM
6,STG4S4R,24,STG4,NKH
6,STG1S1R,21,STG1,LOH
6,STG2S2E,22,STG2,JJF
6,STG3S3E,23,STG3,LAG
6,STG3S3R,23,STG3,KJE
6,CMUSS5R,25,CMUS,JLG
6,MATHS5D,25,MATH,TNM
6,STG5S5E,25,STG5,LDP
6,STG2S2R,22,STG2,SCZ
6,STG4S4E,24,STG4,NHB
7,STG4S4E,24,STG4,NHB
7,ENGL1R,1,ENGL,JYH
7,CART2R,2,CART,LVM
7,ENGL2D,2,ENGL,LM1
7,MATH2E,2,MATH,GNB
7,CODI3R,3,CODI,MBT
7,ENGL3E,3,ENGL,NLM
7,MATH3D,3,MATH,SLE
7,PHED4C,4,PHED,CRD
7,PHED4C,4,PHED,MRM
7,AFRI6C,6,AFRI,TPE
7,DGDN8E,8,DGDN,CWM
7,MATH8R,8,MATH,CHS
7,BSTU10C,10,BSTU,LNH
7,DART10C,10,DART,TYS
7,FREN10C,10,FREN,WOE
7,LSCI10C_1,10,LSCI,MKN
7,AFRI12C_1,12,AFRI,MAD
7,STG1S1R,21,STG1,LOH
7,STG2S2R,22,STG2,SCZ
7,STG4S4R,24,STG4,NKH
7,STG3S3E,23,STG3,LAG
7,STG3S3R,23,STG3,KJE
7,STG5S5E,25,STG5,LDP
7,ZULU12C,12,ZULU,SBM
7,DART1E,1,DART,ALW
7,ENGL1D,1,ENGL,EKM
7,MATHS5D,25,MATH,TNM
7,STG2S2E,22,STG2,JJF
7,DSTU4C,4,DSTU,VPA
7,ENGL5E,5,ENGL,AEW
7,MATH5R,5,MATH,KDL
7,ZULU6C,6,ZULU,NWN
7,ENGL7E,7,ENGL,DBW
7,GEOG7R,7,GEOG,LMK
7,PHYS8D,8,PHYS,JDB
7,LSCI9R,9,LSCI,CSE
7,MATH9E,9,MATH,JMJ
7,ENGL11R,11,ENGL,DJB
7,MATHS5R,25,MATH,AFW
7,AFRI12C_2,12,AFRI,AST
8,AFRI12C_2,12,AFRI,AST
8,MATHS5R,25,MATH,AFW
8,ENGL11R,11,ENGL,DJB
8,MATH9E,9,MATH,JMJ
8,LSCI9R,9,LSCI,CSE
8,PHYS8D,8,PHYS,JDB
8,GEOG7R,7,GEOG,LMK
8,ENGL7E,7,ENGL,DBW
8,ZULU6C,6,ZULU,NWN
8,MATH5R,5,MATH,KDL
8,ENGL5E,5,ENGL,AEW
8,DSTU4C,4,DSTU,VPA
8,ENGL1D,1,ENGL,EKM
8,ZULU12C,12,ZULU,SBM
8,MATH3R,3,MATH,MBT
8,STG1S1R,21,STG1,LOH
8,CMUSS2R,22,CMUS,SCZ
8,STG2S2E,22,STG2,JJF
8,STG4S4E,24,STG4,NHB
8,STG3S3E,23,STG3,LAG
8,CMUS1R,1,CMUS,ALW
8,MATH1E,1,MATH,TKM
8,STG4S4R,24,STG4,NKH
8,STG5S5E,25,STG5,LDP
8,STG3S3R,23,STG3,KJE
8,MATHS5D,25,MATH,TNM
8,AFRI12C_1,12,AFRI,MAD
8,LSCI10C_1,10,LSCI,MKN
8,FREN10C,10,FREN,WOE
8,DART10C,10,DART,TYS
8,BSTU10C,10,BSTU,LNH
8,MATH8R,8,MATH,CHS
8,DGDN8E,8,DGDN,CWM
8,AFRI6C,6,AFRI,TPE
8,PHED4C,4,PHED,MRM
8,PHED4C,4,PHED,CRD
8,MATH3D,3,MATH,SLE
8,ENGL3E,3,ENGL,NLM
8,MATH2E,2,MATH,GNB
8,ENGL2D,2,ENGL,LM1
8,CART2R,2,CART,LVM
9,MATHS5D,25,MATH,TNM
9,ENGL2R,2,ENGL,RJM
9,DART1D,1,DART,ALW
9,CART2E,2,CART,LVM
9,MATH2D,2,MATH,LM1
9,MATH3D,3,MATH,SLE
9,MATH3E,3,MATH,NLM
9,AFRI4C_1,4,AFRI,CES
9,AFRI4C_2,4,AFRI,KMB
9,MATH1E,1,MATH,TKM
9,STG3S3E,23,STG3,LAG
9,MATH3R,3,MATH,MBT
9,PHED5C,5,PHED,CRD
9,PHED5C,5,PHED,MRM
9,NSCI6E,6,NSCI,LMK
9,ENGL8D,8,ENGL,CWM
9,MATH8E,8,MATH,CHS
9,AFRI10C_1,10,AFRI,MAD
9,ZULU10C,10,ZULU,SBM
9,MATH11C,11,MATH,JMJ
9,STG1S1R,21,STG1,LOH
9,CMUSS2E,22,CMUS,JJF
9,STG2S2R,22,STG2,SCZ
9,STG4S4E,24,STG4,NHB
9,STG4S4R,24,STG4,NKH
9,STG3S3R,23,STG3,KJE
9,STG5S5E,25,STG5,LDP
9,STG5S5R,25,STG5,AFW
9,MLIT11C,11,MLIT,MKN
9,VART12C,12,VART,AHN
9,ZULU1R,1,ZULU,NWN
9,ZULU4C,4,ZULU,YSM
9,DSTU5C,5,DSTU,VPA
9,ENGL6R,6,ENGL,AEW
9,CODI7E,7,CODI,CLB
9,MATH7R,7,MATH,KDL
9,ENBU8R,8,ENBU,LNB
9,DART9E,9,DART,TYS
9,GEOG9R,9,GEOG,CAE
9,AFRI10C_2,10,AFRI,AST
9,HIST12C,12,HIST,DAD
9,LSCI12C_1,12,LSCI,CSE
10,LSCI12C_1,12,LSCI,CSE
10,ZULU3R,3,ZULU,NWN
10,HIST12C,12,HIST,DAD
10,AFRI10C_2,10,AFRI,AST
10,GEOG9R,9,GEOG,CAE
10,DART9E,9,DART,TYS
10,ENBU8R,8,ENBU,LNB
10,MATH7R,7,MATH,KDL
10,CODI7E,7,CODI,CLB
10,ENGL6R,6,ENGL,AEW
10,DSTU5C,5,DSTU,VPA
10,ZULU4C,4,ZULU,YSM
10,VART12C,12,VART,AHN
10,MLIT11C,11,MLIT,MKN
10,STG5S5D,25,STG5,TNM
10,STG5S5R,25,STG5,AFW
10,ENGL1D,1,ENGL,EKM
10,ENGL1E,1,ENGL,TKM
10,MATH1R,1,MATH,JYH
10,DART2D,2,DART,ALW
10,STG4S4E,24,STG4,NHB
10,STG4S4R,24,STG4,NKH
10,STG3S3E,23,STG3,LAG
10,STG3S3R,23,STG3,KJE
10,MATHS5E,25,MATH,LDP
10,MATH11C,11,MATH,JMJ
10,ZULU10C,10,ZULU,SBM
10,AFRI10C_1,10,AFRI,MAD
10,MATH8E,8,MATH,CHS
10,ENGL8D,8,ENGL,CWM
10,NSCI6E,6,NSCI,LMK
10,PHED5C,5,PHED,MRM
10,PHED5C,5,PHED,CRD
10,AFRI4C_2,4,AFRI,KMB
10,AFRI4C_1,4,AFRI,CES
10,MATH3E,3,MATH,NLM
10,MATH3D,3,MATH,SLE
10,CART2E,2,CART,LVM
10,ENGL2R,2,ENGL,RJM
11,MATHS5E,25,MATH,LDP
11,STG5S5D,25,STG5,TNM
11,STG5S5R,25,STG5,AFW
12,MSBS1C_1,1,MSBS,EKM
12,MSBS1C_2,1,MSBS,JYH
12,MSBS1C_3,1,MSBS,TKM
12,AFRI2D,2,AFRI,LM1
12,DART2R,2,DART,ALW
12,ZULU2E,2,ZULU,MRM
12,AFRI3E,3,AFRI,NLM
12,ENGL3D,3,ENGL,SLE
12,ENGL3R,3,ENGL,MBT
12,CART4R,4,CART,LVM
12,CODI4E,4,CODI,ADT
12,ENGL4D,4,ENGL,YSM
12,AFRI5C,5,AFRI,TPE
12,SOCS6E,6,SOCS,LMK
12,LSCI7E,7,LSCI,MKN
12,DGDN8D,8,DGDN,CWM
12,AFRI9C_1,9,AFRI,MAD
12,ZULU9C,9,ZULU,SBM
12,MATH10C,10,MATH,CHS
12,BSTU11C,11,BSTU,LNH
12,DSTU11C,11,DSTU,VPA
12,LSCI12C_2,12,LSCI,CSE
12,PHYS11C,11,PHYS,JDB
12,ACCO12C,12,ACCO,LNB
12,DART12C,12,DART,TYS
12,GEOG12C,12,GEOG,CAE
12,INFT12C,12,INFT,CLB
12,ZULU5C,5,ZULU,NWN
12,MATH6R,6,MATH,KDL
12,ENGL7R,7,ENGL,DBW
12,ENGL8R,8,ENGL,DJB
12,HIST8E,8,HIST,DAD
12,MATH10C_2,,,JMJ
12,AFRI9C_2,9,AFRI,AST
13,AFRI9C_2,9,AFRI,AST
13,MATH10C_2,,,JMJ
13,HIST8E,8,HIST,DAD
13,ENGL8R,8,ENGL,DJB
13,ENGL7R,7,ENGL,DBW
13,MATH6R,6,MATH,KDL
13,ZULU5C,5,ZULU,NWN
13,INFT12C,12,INFT,CLB
13,GEOG12C,12,GEOG,CAE
13,DART12C,12,DART,TYS
13,ACCO12C,12,ACCO,LNB
13,PHYS11C,11,PHYS,JDB
13,LSCI12C_2,12,LSCI,CSE
13,PHYS7E,7,PHYS,MKN
13,DSTU11C,11,DSTU,VPA
13,BSTU11C,11,BSTU,LNH
13,MATH10C,10,MATH,CHS
13,ZULU9C,9,ZULU,SBM
13,AFRI9C_1,9,AFRI,MAD
13,DGDN8D,8,DGDN,CWM
13,SOCS6E,6,SOCS,LMK
13,AFRI5C,5,AFRI,TPE
13,ENGL4D,4,ENGL,YSM
13,CODI4E,4,CODI,ADT
13,CART4R,4,CART,LVM
14,CMUS7E,7,CMUS,ALW
14,LSCI8D,8,LSCI,MKN
14,PHYS8R,8,PHYS,JDB
14,SPSC9C_1,9,SPSC,TPE
14,SPSC9C_2,9,SPSC,TGK
14,ENGL10E,10,ENGL,CWM
14,ACCO11C,11,ACCO,LNB
14,DART11C,11,DART,TYS
14,GEOG11C,11,GEOG,CAE
14,HIST11C,11,HIST,DAD
14,VART11C,11,VART,AHN
14,LORI12C,12,LORI,LNH
14,HIST7R,7,HIST,ADT
14,GEOG8E,8,GEOG,LMK
14,DSTU9C,9,DSTU,VPA
14,ENGL10R,10,ENGL,DJB
14,FREN11R,11,FREN,WOE
14,ENGL12C,12,ENGL,DBW
15,MATH3D,3,MATH,SLE
15,ZULU3E,3,ZULU,NWN
15,ENGL5R,5,ENGL,AEW
15,TEST11R,11,TEST,DJB
15,MATH6E,6,MATH,ADT
15,ENGL1D,1,ENGL,EKM
15,ENGL1E,1,ENGL,TKM
15,ENGL1R,1,ENGL,JYH
15,LORI2D,2,LORI,LM1
15,MATH2E,2,MATH,GNB
15,MATH2R,2,MATH,RJM
15,PHED2D,2,PHED,CRD
15,MATH3R,3,MATH,MBT
15,MATH4D,4,MATH,YSM
15,MATH4E,4,MATH,KMB
15,MATH4R,4,MATH,CES
15,SOCS5E,5,SOCS,LMK
15,CART6R,6,CART,LVM
15,FREN7C,7,FREN,MLD
15,MUSC7C,7,MUSC,ALW
15,MUSC7C,7,MUSC,CHM
15,TEST8D,8,TEST,CWM
15,TEST8E,8,TEST,TPE
15,TEST8R,8,TEST,AHN
15,TEST9E,9,TEST,TGK
15,TEST9R,9,TEST,DBW
15,TEST10E,10,TEST,JDB
15,TEST10R,10,TEST,CLB
15,TEST12R,12,TEST,LNH
15,TEST12E,12,TEST,CSE
16,TEST12E,12,TEST,CSE
16,STG1S1R,21,STG1,LOH
16,STG2S2E,22,STG2,JJF
16,STG2S2R,22,STG2,SCZ
16,TEST12R,12,TEST,LNH
16,ZULU2E,2,ZULU,MRM
16,MATH3E,3,MATH,NLM
16,TEST10R,10,TEST,CLB
16,TEST10E,10,TEST,JDB
16,STG4S4E,24,STG4,NHB
16,STG4S4R,24,STG4,NKH
16,STG3S3E,23,STG3,LAG
16,STG3S3R,23,STG3,KJE
16,MATHS5D,25,MATH,TNM
16,MATHS5R,25,MATH,AFW
16,STG5S5E,25,STG5,LDP
16,TEST9R,9,TEST,DBW
16,TEST9E,9,TEST,TGK
16,TEST8R,8,TEST,AHN
16,TEST8E,8,TEST,TPE
16,TEST8D,8,TEST,CWM
16,MUSC7C,7,MUSC,CHM
16,MUSC7C,7,MUSC,ALW
16,FREN7C,7,FREN,MLD
16,CART6R,6,CART,LVM
16,SOCS5E,5,SOCS,LMK
16,MATH4R,4,MATH,CES
16,MATH4E,4,MATH,KMB
16,MATH4D,4,MATH,YSM
16,MATH3R,3,MATH,MBT
16,PHED2D,2,PHED,CRD
16,MATH2R,2,MATH,RJM
16,LORI2D,2,LORI,LM1
16,ENGL1R,1,ENGL,JYH
16,ENGL1E,1,ENGL,TKM
16,ENGL1D,1,ENGL,EKM
16,MATH6E,6,MATH,ADT
16,TEST11R,11,TEST,DJB
16,ENGL5R,5,ENGL,AEW
16,MATH3D,3,MATH,SLE
17,ENGL2R,2,ENGL,RJM
17,ENGL4E,4,ENGL,KMB
17,ENGL6E,6,ENGL,AEW
17,AFRI7C_1,7,AFRI,AST
17,ZULU7C,7,ZULU,NWN
17,ENGL8E,8,ENGL,DJB
17,GEOG8D,8,GEOG,LMK
17,MATH9E,9,MATH,JMJ
17,HIST10C,10,HIST,DAD
17,ENGL12C,12,ENGL,DBW
17,DSTUS5E,25,DSTU,VPA
17,MATH1D,1,MATH,EKM
17,MATH1R,1,MATH,JYH
17,MATHS5R,25,MATH,AFW
17,MATHS5D,25,MATH,TNM
17,STG3S3R,23,STG3,KJE
17,STG3S3E,23,STG3,LAG
17,STG4S4R,24,STG4,NKH
17,STG4S4E,24,STG4,NHB
17,MATH3E,3,MATH,NLM
17,STG2S2R,22,STG2,SCZ
17,STG2S2E,22,STG2,JJF
17,STG1S1R,21,STG1,LOH
17,MATH3D,3,MATH,SLE
17,ENGL4R,4,ENGL,CES
17,LORI4D,4,LORI,YSM
17,CMUS5R,5,CMUS,ALW
17,PUBS5E,5,PUBS,MLD
17,LORI6R,6,LORI,ADT
17,AFRI7C_2,7,AFRI,TPE
17,MATH8R,8,MATH,CHS
17,ENGL9R,9,ENGL,CWM
17,ACCO10C,10,ACCO,LNB
17,PHYS10C_1,10,PHYS,JDB
17,INFT11C,11,INFT,CLB
17,LSCI11C,11,LSCI,CSE
17,LORI12C,12,LORI,LNH
17,ZULU1E,1,ZULU,MRM
17,ENGL2D,2,ENGL,LM1
17,ENGL2E,2,ENGL,GNB
17,ENGL3R,3,ENGL,MBT
18,ENGL3R,3,ENGL,MBT
18,ZULU1D,1,ZULU,MRM
18,CART3E,3,CART,LVM
18,ENGL2E,2,ENGL,GNB
18,ENGL2D,2,ENGL,LM1
18,AFRI4C_1,4,AFRI,CES
18,AFRI4C_2,4,AFRI,KMB
18,LORI5E,5,LORI,ADT
18,MATH5R,5,MATH,KDL
18,SOCS6R,6,SOCS,LMK
18,MATH7E,7,MATH,CHS
18,MATH1E,1,MATH,TKM
18,MATH1R,1,MATH,JYH
18,FREN8C,8,FREN,WOE
18,FREN8C,8,FREN,MLD
18,MUSC8C,8,MUSC,ALW
18,MUSC8C,8,MUSC,CHM
18,VART8C,8,VART,AHN
18,AFRI9C_1,9,AFRI,MAD
18,ZULU9C,9,ZULU,SBM
18,ENGL10E,10,ENGL,CWM
18,MATH11C,11,MATH,JMJ
18,MLIT11C,11,MLIT,MKN
18,BSTU12C,12,BSTU,LNH
18,STG2S2E,22,STG2,JJF
18,STG2S2R,22,STG2,SCZ
18,STG4S4E,24,STG4,NHB
18,STG4S4R,24,STG4,NKH
18,STG3S3E,23,STG3,LAG
18,STG3S3R,23,STG3,KJE
18,MATHS5E,25,MATH,LDP
18,ENGLS5D,25,ENGL,TNM
18,ENGLS5R,25,ENGL,AFW
18,AFRI3D,3,AFRI,NLM
18,ENGL6E,6,ENGL,AEW
18,ZULU4C,4,ZULU,YSM
18,ENBU7R,7,ENBU,LNB
18,AFRI9C_2,9,AFRI,AST
18,ENGL2R,2,ENGL,RJM
18,ENGL10R,10,ENGL,DJB
18,DSTU12C,12,DSTU,VPA
18,STG1S1R,21,STG1,LOH
18,PHYS12C,12,PHYS,JDB
19,PHYS12C,12,PHYS,JDB
19,STG1S1R,21,STG1,LOH
19,ZULU6C,6,ZULU,NWN
19,GEOG7R,7,GEOG,LMK
19,DSTU12C,12,DSTU,VPA
19,ENGL10R,10,ENGL,DJB
19,AFRI9C_2,9,AFRI,AST
19,ZULU4C,4,ZULU,YSM
19,AFRI3D,3,AFRI,NLM
19,ENGLS5R,25,ENGL,AFW
19,ENGLS5D,25,ENGL,TNM
19,MATHS5E,25,MATH,LDP
19,ENGL1D,1,ENGL,EKM
19,ENGL1R,1,ENGL,JYH
19,AFRI2E,2,AFRI,GNB
19,AFRI2R,2,AFRI,RJM
19,MATH2D,2,MATH,LM1
19,MATH3R,3,MATH,MBT
19,NSCI5E,5,NSCI,MRM
19,AFRI6C,6,AFRI,TPE
19,STG4S4R,24,STG4,NKH
19,STG3S3R,23,STG3,KJE
19,STG3S3E,23,STG3,LAG
19,STG4S4E,24,STG4,NHB
19,STG2S2R,22,STG2,SCZ
19,STG2S2E,22,STG2,JJF
19,BSTU12C,12,BSTU,LNH
19,MLIT11C,11,MLIT,MKN
19,MATH11C,11,MATH,JMJ
19,ENGL10E,10,ENGL,CWM
19,ZULU9C,9,ZULU,SBM
19,AFRI9C_1,9,AFRI,MAD
19,VART8C,8,VART,AHN
19,MUSC8C,8,MUSC,CHM
19,MUSC8C,8,MUSC,ALW
19,FREN8C,8,FREN,MLD
19,FREN8C,8,FREN,WOE
19,MATH1E,1,MATH,TKM
19,MATH7E,7,MATH,CHS
19,MATH5R,5,MATH,KDL
19,AFRI4C_2,4,AFRI,KMB
19,AFRI4C_1,4,AFRI,CES
19,CART3E,3,CART,LVM
20,CMUSS1R,21,CMUS,LOH
20,STG2S2E,22,STG2,JJF
20,STG2S2R,22,STG2,SCZ
20,STG4S4E,24,STG4,NHB
20,STG4S4R,24,STG4,NKH
20,STG3S3E,23,STG3,LAG
20,STG3S3R,23,STG3,KJE
20,STG5S5D,25,STG5,TNM
20,STG5S5E,25,STG5,LDP
20,STG5S5R,25,STG5,AFW
21,CART1R,1,CART,LVM
21,MATH1D,1,MATH,EKM
21,MATH1E,1,MATH,TKM
21,AFRI2D,2,AFRI,LM1
21,MATH2E,2,MATH,GNB
21,ENGL3E,3,ENGL,NLM
21,ENGL3R,3,ENGL,MBT
21,DART4R,4,DART,TPE
21,STG3S3R,23,STG3,KJE
21,ENGL4D,4,ENGL,YSM
21,CODI5R,5,CODI,ADT
21,FREN6C,6,FREN,MLD
21,MUSC6C,6,MUSC,ALW
21,MUSC6C,6,MUSC,CHM
21,MATH8D,8,MATH,CHS
21,CODI9E,9,CODI,CLB
21,PHYS9R,9,PHYS,JDB
21,AFRI10C_1,10,AFRI,MAD
21,ZULU10C,10,ZULU,SBM
21,ACCO11C,11,ACCO,LNB
21,DART11C,11,DART,TYS
21,GEOG11C,11,GEOG,CAE
21,HIST11C,11,HIST,DAD
21,VART11C,11,VART,AHN
21,MLIT12C,12,MLIT,MKN
21,STG1S1R,21,STG1,LOH
21,STG2S2E,22,STG2,JJF
21,STG2S2R,22,STG2,SCZ
21,STG4S4E,24,STG4,NHB
21,STG4S4R,24,STG4,NKH
21,STG3S3E,23,STG3,LAG
21,CODIS5E,25,CODI,MRM
21,STG5S5D,25,STG5,TNM
21,ZULU2R,2,ZULU,NWN
21,ENGL3D,3,ENGL,SLE
21,ENGL4E,4,ENGL,KMB
21,ENGL5E,5,ENGL,AEW
21,ENGL7E,7,ENGL,DBW
21,MATH7R,7,MATH,KDL
21,ENGL8R,8,ENGL,DJB
21,GEOG8E,8,GEOG,LMK
21,AFRI10C_2,10,AFRI,AST
21,FREN11R,11,FREN,WOE
21,MATH12C,12,MATH,JMJ
21,DSTUS5R,25,DSTU,VPA
22,DSTUS5D,25,DSTU,VPA
22,MATH12C,12,MATH,JMJ
22,FREN11R,11,FREN,WOE
22,AFRI10C_2,10,AFRI,AST
22,GEOG8E,8,GEOG,LMK
22,ENGL8R,8,ENGL,DJB
22,MATH7R,7,MATH,KDL
22,ENGL7E,7,ENGL,DBW
22,ENGL5E,5,ENGL,AEW
22,ENGL4E,4,ENGL,KMB
22,ENGL3D,3,ENGL,SLE
22,AFRI1E,1,AFRI,TKM
22,MATH1D,1,MATH,EKM
22,STG4S4R,24,STG4,NKH
22,ENGL2E,2,ENGL,GNB
22,MATH2D,2,MATH,LM1
22,STG1S1R,21,STG1,LOH
22,STG2S2E,22,STG2,JJF
22,STG2S2R,22,STG2,SCZ
22,STG4S4E,24,STG4,NHB
22,STG3S3E,23,STG3,LAG
22,STG3S3R,23,STG3,KJE
22,CODIS5R,25,CODI,MRM
22,ENGLS5E,25,ENGL,LDP
22,MATH2R,2,MATH,RJM
22,MLIT12C,12,MLIT,MKN
22,VART11C,11,VART,AHN
22,HIST11C,11,HIST,DAD
22,GEOG11C,11,GEOG,CAE
22,DART11C,11,DART,TYS
22,ACCO11C,11,ACCO,LNB
22,ZULU10C,10,ZULU,SBM
22,AFRI10C_1,10,AFRI,MAD
22,PHYS9R,9,PHYS,JDB
22,CODI9E,9,CODI,CLB
22,MATH8D,8,MATH,CHS
22,MUSC6C,6,MUSC,CHM
22,MUSC6C,6,MUSC,ALW
22,FREN6C,6,FREN,MLD
22,CODI5R,5,CODI,ADT
22,ENGL4D,4,ENGL,YSM
22,DART4R,4,DART,TPE
22,ENGL3R,3,ENGL,MBT
22,ENGL3E,3,ENGL,NLM
22,CART1R,1,CART,LVM
23,MATH2R,2,MATH,RJM
23,PHED1R,1,PHED,CRD
23,ENGL3D,3,ENGL,SLE
23,ENGL3E,3,ENGL,NLM
23,ENGLS5E,25,ENGL,LDP
23,AFRI1E,1,AFRI,TKM
23,LORI1R,1,LORI,JYH
23,STG4S4E,24,STG4,NHB
23,MATH2D,2,MATH,LM1
23,ENGL2E,2,ENGL,GNB
23,MATH1D,1,MATH,EKM
23,CODI4D,4,CODI,ADT
23,DART4E,4,DART,TPE
23,SOCS4R,4,SOCS,CES
23,CART5R,5,CART,LVM
23,DART5E,5,DART,AEW
23,DART6E,6,DART,CWM
23,PHYS7E,7,PHYS,MKN
23,AFRI8C_1,8,AFRI,MAD
23,ZULU8C,8,ZULU,SBM
23,VART9C,9,VART,AHN
23,MATH10C,10,MATH,CHS
23,BSTU11C,11,BSTU,LNH
23,DSTU11C,11,DSTU,VPA
23,PHYS11C,11,PHYS,JDB
23,ACCO12C,12,ACCO,LNB
23,DART12C,12,DART,TYS
23,STG3S3E,23,STG3,LAG
23,STG3S3R,23,STG3,KJE
23,CODIS5D,25,CODI,MRM
23,STG5S5R,25,STG5,AFW
23,GEOG12C,12,GEOG,CAE
23,INFT12C,12,INFT,CLB
23,STG1S1R,21,STG1,LOH
23,STG2S2E,22,STG2,JJF
23,STG2S2R,22,STG2,SCZ
23,STG4S4R,24,STG4,NKH
23,LSCI12C_2,12,LSCI,CSE
23,ZULU3R,3,ZULU,NWN
23,MATH6R,6,MATH,KDL
23,ENGL7R,7,ENGL,DBW
23,AFRI8C_2,8,AFRI,AST
23,FREN9C,9,FREN,WOE
23,MATH10C_2,,,JMJ
23,MUSC9C,9,MUSC,ALW
24,MUSC9C,9,MUSC,ALW
24,MATH10C_2,,,JMJ
24,FREN9C,9,FREN,WOE
24,AFRI8C_2,8,AFRI,AST
24,ENGL7R,7,ENGL,DBW
24,MATH6R,6,MATH,KDL
24,ZULU3R,3,ZULU,NWN
24,LSCI12C_2,12,LSCI,CSE
24,STG4S4R,24,STG4,NKH
24,INFT12C,12,INFT,CLB
24,GEOG12C,12,GEOG,CAE
24,CODI1E,1,CODI,MRM
24,ENGL1D,1,ENGL,EKM
24,MSBS2C_1,2,MSBS,RJM
24,MSBS2C_2,2,MSBS,GNB
24,MSBS2C_3,2,MSBS,LM1
24,STG4S4E,24,STG4,NHB
24,STG3S3E,23,STG3,LAG
24,STG3S3R,23,STG3,KJE
24,STG5S5D,25,STG5,TNM
24,STG5S5E,25,STG5,LDP
24,STG5S5R,25,STG5,AFW
24,DART12C,12,DART,TYS
24,ACCO12C,12,ACCO,LNB
24,PHYS11C,11,PHYS,JDB
24,DSTU11C,11,DSTU,VPA
24,BSTU11C,11,BSTU,LNH
24,MATH10C,10,MATH,CHS
24,VART9C,9,VART,AHN
24,ZULU8C,8,ZULU,SBM
24,AFRI8C_1,8,AFRI,MAD
24,PHYS7E,7,PHYS,MKN
24,DART6E,6,DART,CWM
24,DART5E,5,DART,AEW
24,CART5R,5,CART,LVM
24,SOCS4R,4,SOCS,CES
24,DART4E,4,DART,TPE
24,CODI4D,4,CODI,ADT
24,LORI1R,1,LORI,JYH
24,ENGL3E,3,ENGL,NLM
24,ENGL3D,3,ENGL,SLE
24,PHED1R,1,PHED,CRD
25,STG5S5D,25,STG5,TNM
25,STG5S5E,25,STG5,LDP
25,STG5S5R,25,STG5,AFW
26,AFRI1D,1,AFRI,EKM
26,ENGL1E,1,ENGL,TKM
26,MATH1R,1,MATH,JYH
26,ENGL2D,2,ENGL,LM1
26,ENGL2R,2,ENGL,RJM
26,MATH2E,2,MATH,GNB
26,AFRI3R,3,AFRI,MBT
26,MATH3E,3,MATH,NLM
26,CART4E,4,CART,LVM
26,ENGL4R,4,ENGL,CES
26,SOCS4D,4,SOCS,YSM
26,MATH5E,5,MATH,KDL
26,ZULU3D,3,ZULU,NWN
26,ENGL6R,6,ENGL,AEW
26,GEOG7E,7,GEOG,LMK
26,DSTU8C,8,DSTU,VPA
26,ENGL9E,9,ENGL,DBW
26,HIST9R,9,HIST,DAD
26,ENGL11R,11,ENGL,DJB
26,AFRI12C_2,12,AFRI,AST
26,CMUS6E,6,CMUS,ALW
26,PHYS7R,7,PHYS,MKN
26,SPSC8C_1,8,SPSC,TGK
26,SPSC8C_2,8,SPSC,TPE
26,GEOG10C,10,GEOG,CAE
26,INFT10C,10,INFT,CLB
26,LSCI10C_2,10,LSCI,CSE
26,PHYS10C_1,10,PHYS,JDB
26,VART10C,10,VART,AHN
26,AFRI12C_1,12,AFRI,MAD
26,ZULU12C,12,ZULU,SBM
26,NSCI5R,5,NSCI,MRM
27,NSCI5R,5,NSCI,MRM
27,ENGL8D,8,ENGL,CWM
27,ZULU12C,12,ZULU,SBM
27,NSCI6E,6,NSCI,LMK
27,PHED7C,7,PHED,CRD
27,AFRI12C_1,12,AFRI,MAD
27,MATH8E,8,MATH,CHS
27,MATH9R,9,MATH,JMJ
27,BSTU10C,10,BSTU,LNH
27,DART10C,10,DART,TYS
27,LSCI10C_1,10,LSCI,MKN
27,FREN10C,10,FREN,WOE
27,AFRI12C_2,12,AFRI,AST
27,DSTU7C,7,DSTU,VPA
27,HIST8R,8,HIST,DAD
27,PHYS9E,9,PHYS,JDB
27,ENGL11R,11,ENGL,DJB
27,ENGL6R,6,ENGL,AEW
27,MATH5E,5,MATH,KDL
27,SOCS4D,4,SOCS,YSM
27,ENGL4R,4,ENGL,CES
27,CART4E,4,CART,LVM
28,PHYS9E,9,PHYS,JDB
28,ENGL12E,12,ENGL,DBW
28,ENGL12R,12,ENGL,DJB
28,HIST8R,8,HIST,DAD
28,DSTU7C,7,DSTU,VPA
28,FREN10C,10,FREN,WOE
28,LSCI10C_1,10,LSCI,MKN
28,AFRI11C,11,AFRI,MAD
28,ZULU11C,11,ZULU,SBM
28,DART10C,10,DART,TYS
28,BSTU10C,10,BSTU,LNH
28,MATH9R,9,MATH,JMJ
28,MATH8E,8,MATH,CHS
28,PHED7C,7,PHED,CRD
28,ENGL8D,8,ENGL,CWM
29,MATH1D,1,MATH,EKM
29,MATH1R,1,MATH,JYH
29,ZULU1E,1,ZULU,MRM
29,ENGL2D,2,ENGL,LM1
29,ENGL2E,2,ENGL,GNB
29,ENGL2R,2,ENGL,RJM
29,ENGL3D,3,ENGL,SLE
29,ENGL3E,3,ENGL,NLM
29,ENGL3R,3,ENGL,MBT
29,CMUS4E,4,CMUS,ALW
29,ENGL4D,4,ENGL,YSM
29,ENGL4R,4,ENGL,CES
29,MATH5R,5,MATH,KDL
29,AFRI6C,6,AFRI,TPE
29,AFRI8C_1,8,AFRI,MAD
29,ZULU8C,8,ZULU,SBM
29,DART9R,9,DART,TYS
29,ENGL10E,10,ENGL,CWM
29,MATH11C,11,MATH,JMJ
29,VART12C,12,VART,AHN
29,MLIT11C,11,MLIT,MKN
29,ENGL5E,5,ENGL,AEW
29,ZULU6C,6,ZULU,NWN
29,CODI7R,7,CODI,CLB
29,ENBU7E,7,ENBU,LNB
29,AFRI8C_2,8,AFRI,AST
29,ENGL9E,9,ENGL,DBW
29,ENGL10R,10,ENGL,DJB
29,LSCI12C_1,12,LSCI,CSE
29,HIST12C,12,HIST,DAD
30,HIST12C,12,HIST,DAD
30,LSCI12C_1,12,LSCI,CSE
30,ZULU4C,4,ZULU,YSM
30,STG1S1R,21,STG1,LOH
30,ENGL10R,10,ENGL,DJB
30,ENGL9E,9,ENGL,DBW
30,AFRI8C_2,8,AFRI,AST
30,ENBU7E,7,ENBU,LNB
30,CODI7R,7,CODI,CLB
30,ZULU6C,6,ZULU,NWN
30,ENGL5E,5,ENGL,AEW
30,MLIT11C,11,MLIT,MKN
30,AFRI4C_2,4,AFRI,KMB
30,STG2S2R,22,STG2,SCZ
30,STG4S4E,24,STG4,NHB
30,STG4S4R,24,STG4,NKH
30,STG2S2E,22,STG2,JJF
30,CARTS3R,23,CART,LVM
30,STG5S5D,25,STG5,TNM
30,STG5S5E,25,STG5,LDP
30,STG5S5R,25,STG5,AFW
30,STG3S3E,23,STG3,LAG
30,VART12C,12,VART,AHN
30,ENGL1E,1,ENGL,TKM
30,AFRI4C_1,4,AFRI,CES
30,MATH11C,11,MATH,JMJ
30,ENGL10E,10,ENGL,CWM
30,DART9R,9,DART,TYS
30,ZULU8C,8,ZULU,SBM
30,AFRI8C_1,8,AFRI,MAD
30,AFRI6C,6,AFRI,TPE
30,MATH5R,5,MATH,KDL
30,ENGL3R,3,ENGL,MBT
30,ENGL3E,3,ENGL,NLM
30,ENGL3D,3,ENGL,SLE
30,ENGL2R,2,ENGL,RJM
30,ENGL2E,2,ENGL,GNB
30,ENGL2D,2,ENGL,LM1
30,MATH1R,1,MATH,JYH
30,MATH1D,1,MATH,EKM
31,AFRI4C_1,4,AFRI,CES
31,STG3S3E,23,STG3,LAG
31,MATH2E,2,MATH,GNB
31,MATH2R,2,MATH,RJM
31,MATH3D,3,MATH,SLE
31,MATH3E,3,MATH,NLM
31,MATH3R,3,MATH,MBT
31,SOCS5R,5,SOCS,LMK
31,CART6E,6,CART,AHN
31,LORI6R,6,LORI,ADT
31,AFRI7C_2,7,AFRI,TPE
31,CODI1R,1,CODI,MRM
31,ENGL1D,1,ENGL,EKM
31,MATH2D,2,MATH,LM1
31,CARTS3R,23,CART,LVM
31,STG2S2E,22,STG2,JJF
31,STG4S4R,24,STG4,NKH
31,AFRI4C_2,4,AFRI,KMB
31,LSCI8D,8,LSCI,MKN
31,MATH8R,8,MATH,CHS
31,ENGL9R,9,ENGL,CWM
31,ACCO10C,10,ACCO,LNB
31,PHYS10C_1,10,PHYS,JDB
31,INFT11C,11,INFT,CLB
31,LSCI11C,11,LSCI,CSE
31,LORI12C,12,LORI,LNH
31,STG1S1R,21,STG1,LOH
31,CMUSS4E,24,CMUS,JLG
31,STG5S5D,25,STG5,TNM
31,STG5S5E,25,STG5,LDP
31,STG5S5R,25,STG5,AFW
31,STG2S2R,22,STG2,SCZ
31,DSTU1E,1,DSTU,VPA
31,MATH5E,5,MATH,KDL
31,ZULU4C,4,ZULU,YSM
31,AFRI7C_1,7,AFRI,AST
31,ZULU7C,7,ZULU,NWN
31,DART8E,8,DART,TYS
31,GEOG9E,9,GEOG,CAE
31,HIST10C,10,HIST,DAD
31,ENGL12C,12,ENGL,DJB
32,MATH9E,9,MATH,JMJ
32,HIST10C,10,HIST,DAD
32,ENGL12E,12,ENGL,DBW
32,DART8E,8,DART,TYS
32,ZULU7C,7,ZULU,NWN
32,AFRI7C_1,7,AFRI,AST
32,ENGL12R,12,ENGL,DJB
32,MATH5E,5,MATH,KDL
32,STG2S2R,22,STG2,SCZ
32,CARTS3E,23,CART,LVM
32,STG3S3R,23,STG3,KJE
32,ENGLS5D,25,ENGL,TNM
32,ENGLS5R,25,ENGL,AFW
32,MATHS5E,25,MATH,LDP
32,DART1R,1,DART,ALW
32,MATH1E,1,MATH,TKM
32,ZULU1D,1,ZULU,MRM
32,LORI4D,4,LORI,YSM
32,NSCI4E,4,NSCI,KMB
32,NSCI4R,4,NSCI,CES
32,LORI5R,5,LORI,ADT
32,NSCI6R,6,NSCI,LMK
32,STG2S2E,22,STG2,JJF
32,CMUSS4R,24,CMUS,JLG
32,STG4S4E,24,STG4,NHB
32,STG1S1R,21,STG1,LOH
32,LSCI11C,11,LSCI,CSE
32,INFT11C,11,INFT,CLB
32,PHYS10C_1,10,PHYS,JDB
32,ACCO10C,10,ACCO,LNB
32,ENGL9R,9,ENGL,CWM
32,MATH8R,8,MATH,CHS
32,LSCI8D,8,LSCI,MKN
32,MATH2D,2,MATH,LM1
32,AFRI7C_2,7,AFRI,TPE
32,CART6E,6,CART,AHN
32,MATH3R,3,MATH,MBT
32,MATH3E,3,MATH,NLM
32,MATH3D,3,MATH,SLE
32,MATH2R,2,MATH,RJM
32,MATH2E,2,MATH,GNB
33,STG4S4E,24,STG4,NHB
33,MATHS5E,25,MATH,LDP
33,TUTO1D,1,TUTO,EKM
33,TUTO1R,1,TUTO,JYH
33,TUTO2D,2,TUTO,LM1
33,TUTO2E,2,TUTO,GNB
33,TUTO2R,2,TUTO,RJM
33,TUTO3E,3,TUTO,NLM
33,TUTO3R,3,TUTO,MBT
33,MATH8D,8,MATH,CHS
33,LORI10E,10,LORI,LNB
33,LORI10R,10,LORI,CWM
33,BSTU11C,11,BSTU,LNH
33,DSTU11C,11,DSTU,VPA
33,PHYS11C,11,PHYS,JDB
33,STG2S2E,22,STG2,JJF
33,STG2S2R,22,STG2,SCZ
33,STG4S4R,24,STG4,NKH
33,ENGLS5R,25,ENGL,AFW
33,ENGLS5D,25,ENGL,TNM
33,CARTS3E,23,CART,LVM
33,STG3S3R,23,STG3,KJE
33,ENGL12R,12,ENGL,DJB
33,TUTO1E,1,TUTO,TKM
33,TUTO3D,3,TUTO,SLE
33,HIST8E,8,HIST,DAD
33,PUBS8R,8,PUBS,WOE
33,LSCI9R,9,LSCI,CSE
33,STG1S1R,21,STG1,LOH
33,ENGL12E,12,ENGL,DBW
33,MATH9E,9,MATH,JMJ
34,STG1S1R,21,STG1,LOH
34,STG3S3R,23,STG3,KJE
34,STG2S2E,22,STG2,JJF
34,STG4S4E,24,STG4,NHB
34,STG3S3E,23,STG3,LAG
34,CARTS5D,25,CART,LVM
34,STG4S4R,24,STG4,NKH
34,STG2S2R,22,STG2,SCZ
34,ENGLS5E,25,ENGL,LDP
34,MATHS5R,25,MATH,AFW
35,MATHS5R,25,MATH,AFW
35,ENGL1R,1,ENGL,JYH
35,ENGLS5E,25,ENGL,LDP
35,STG2S2R,22,STG2,SCZ
35,LORI1D,1,LORI,EKM
35,MATH1E,1,MATH,TKM
35,PHED1D,1,PHED,CRD
35,ENGL2D,2,ENGL,LM1
35,ENGL2E,2,ENGL,GNB
35,ENGL2R,2,ENGL,RJM
35,DART3R,3,DART,TPE
35,ENGL3E,3,ENGL,NLM
35,MATH4D,4,MATH,YSM
35,MATH4E,4,MATH,KMB
35,MATH4R,4,MATH,CES
35,NSCI5E,5,NSCI,MRM
35,PUBS5R,5,PUBS,MLD
35,CODI6E,6,CODI,CLB
35,CARTS5D,25,CART,LVM
35,STG2S2E,22,STG2,JJF
35,LSCI7R,7,LSCI,MKN
35,AFRI9C_1,9,AFRI,MAD
35,ZULU9C,9,ZULU,SBM
35,MATH10C,10,MATH,CHS
35,ACCO11C,11,ACCO,LNB
35,DART11C,11,DART,TYS
35,GEOG11C,11,GEOG,CAE
35,HIST11C,11,HIST,DAD
35,VART11C,11,VART,AHN
35,BSTU12C,12,BSTU,LNH
35,STG4S4E,24,STG4,NHB
35,STG4S4R,24,STG4,NKH
35,STG3S3E,23,STG3,LAG
35,STG3S3R,23,STG3,KJE
35,STG1S1R,21,STG1,LOH
35,ZULU3D,3,ZULU,NWN
35,ENGL6R,6,ENGL,AEW
35,ENGL7E,7,ENGL,DBW
35,ENGL8E,8,ENGL,DJB
35,GEOG8D,8,GEOG,LMK
35,LSCI8R,8,LSCI,CSE
35,AFRI9C_2,9,AFRI,AST
35,MATH10C_2,,,JMJ
35,FREN11R,11,FREN,WOE
35,DSTU12C,12,DSTU,VPA
35,PHYS12C,12,PHYS,JDB
36,PHYS12C,12,PHYS,JDB
36,MUSC5C,5,MUSC,ALW
36,STG1S1R,21,STG1,LOH
36,DSTU12C,12,DSTU,VPA
36,FREN11R,11,FREN,WOE
36,MATH10C_2,,,JMJ
36,AFRI9C_2,9,AFRI,AST
36,LSCI8R,8,LSCI,CSE
36,GEOG8D,8,GEOG,LMK
36,ENGL8E,8,ENGL,DJB
36,ENGL7E,7,ENGL,DBW
36,ENGL6R,6,ENGL,AEW
36,ZULU3D,3,ZULU,NWN
36,STG3S3R,23,STG3,KJE
36,AFRI3E,3,AFRI,NLM
36,ENGL3R,3,ENGL,MBT
36,FREN5C,5,FREN,MLD
36,STG2S2E,22,STG2,JJF
36,STG3S3E,23,STG3,LAG
36,STG4S4E,24,STG4,NHB
36,BSTU12C,12,BSTU,LNH
36,VART11C,11,VART,AHN
36,HIST11C,11,HIST,DAD
36,GEOG11C,11,GEOG,CAE
36,DART11C,11,DART,TYS
36,ACCO11C,11,ACCO,LNB
36,MATH10C,10,MATH,CHS
36,ZULU9C,9,ZULU,SBM
36,AFRI9C_1,9,AFRI,MAD
36,LSCI7R,7,LSCI,MKN
36,STG2S2R,22,STG2,SCZ
36,STG4S4R,24,STG4,NKH
36,CARTS5R,25,CART,LVM
36,STG5S5D,25,STG5,TNM
36,STG5S5E,25,STG5,LDP
36,CODI6E,6,CODI,CLB
36,MATH4R,4,MATH,CES
36,MATH4E,4,MATH,KMB
36,MATH4D,4,MATH,YSM
36,ENGL2R,2,ENGL,RJM
36,ENGL2E,2,ENGL,GNB
36,ENGL2D,2,ENGL,LM1
36,PHED1D,1,PHED,CRD
36,MATH1E,1,MATH,TKM
36,LORI1D,1,LORI,EKM
36,ENGL1R,1,ENGL,JYH
37,ENGL1E,1,ENGL,TKM
37,CARTS5R,25,CART,LVM
37,STG2S2R,22,STG2,SCZ
37,MATH1D,1,MATH,EKM
37,MATH1R,1,MATH,JYH
37,MATH2D,2,MATH,LM1
37,MATH2E,2,MATH,GNB
37,PHED3E,3,PHED,CRD
37,ENGL4D,4,ENGL,YSM
37,ENGL4R,4,ENGL,CES
37,MATH7E,7,MATH,CHS
37,LORI8C_1,8,LORI,LNB
37,LORI8C_2,8,LORI,CWM
37,BSTU10C,10,BSTU,LNH
37,DART10C,10,DART,TYS
37,FREN10C,10,FREN,WOE
37,LSCI10C_1,10,LSCI,MKN
37,STG2S2E,22,STG2,JJF
37,FREN5C,5,FREN,MLD
37,ENGL3R,3,ENGL,MBT
37,STG1S1R,21,STG1,LOH
37,STG4S4E,24,STG4,NHB
37,STG4S4R,24,STG4,NKH
37,STG3S3E,23,STG3,LAG
37,STG3S3R,23,STG3,KJE
37,STG5S5D,25,STG5,TNM
37,STG5S5E,25,STG5,LDP
37,AFRI12C_1,12,AFRI,MAD
37,ZULU12C,12,ZULU,SBM
37,ZULU2R,2,ZULU,NWN
37,DSTU3D,3,DSTU,VPA
37,ENGL4E,4,ENGL,KMB
37,MUSC5C,5,MUSC,ALW
37,MATH6E,6,MATH,ADT
37,MATH6R,6,MATH,KDL
37,ENGL7R,7,ENGL,DBW
37,LSCI9E,9,LSCI,CSE
37,MATH9R,9,MATH,JMJ
37,AFRI12C_2,12,AFRI,AST
37,ENGL11R,11,ENGL,DJB
38,ENGL11R,11,ENGL,DJB
38,AFRI12C_2,12,AFRI,AST
38,ZULU1R,1,ZULU,NWN
38,DSTU3R,3,DSTU,VPA
38,ENGL5R,5,ENGL,AEW
38,PHYS9E,9,PHYS,JDB
38,MATH9R,9,MATH,JMJ
38,ENGL7R,7,ENGL,DBW
38,MATH6R,6,MATH,KDL
38,MATH6E,6,MATH,ADT
38,ENGL4E,4,ENGL,KMB
38,ZULU12C,12,ZULU,SBM
38,AFRI12C_1,12,AFRI,MAD
38,STG5S5R,25,STG5,AFW
38,AFRI2E,2,AFRI,GNB
38,MATH2R,2,MATH,RJM
38,DART3D,3,DART,TPE
38,SOCS5E,5,SOCS,LMK
38,STG4S4E,24,STG4,NHB
38,STG4S4R,24,STG4,NKH
38,STG3S3E,23,STG3,LAG
38,STG3S3R,23,STG3,KJE
38,CARTS5E,25,CART,LVM
38,MATHS5D,25,MATH,TNM
38,LSCI10C_1,10,LSCI,MKN
38,FREN10C,10,FREN,WOE
38,DART10C,10,DART,TYS
38,BSTU10C,10,BSTU,LNH
38,LORI8C_2,8,LORI,CWM
38,LORI8C_1,8,LORI,LNB
38,MATH7E,7,MATH,CHS
38,ENGL4R,4,ENGL,CES
38,ENGL4D,4,ENGL,YSM
38,PHED3E,3,PHED,CRD
38,MATH2D,2,MATH,LM1
38,MATH1D,1,MATH,EKM
38,ENGL1E,1,ENGL,TKM
39,MATHS5D,25,MATH,TNM
39,CARTS5E,25,CART,LVM
39,STG5S5R,25,STG5,AFW
40,ENGL1D,1,ENGL,EKM
40,ENGL1E,1,ENGL,TKM
40,ENGL1R,1,ENGL,JYH
40,CMUS2R,2,CMUS,ALW
40,ZULU2D,2,ZULU,MRM
40,MATH3D,3,MATH,SLE
40,MATH3E,3,MATH,NLM
40,MATH3R,3,MATH,MBT
40,NSCI4D,4,NSCI,YSM
40,SOCS4E,4,SOCS,KMB
40,SOCS4R,4,SOCS,CES
40,AFRI5C,5,AFRI,TPE
40,PUBS6R,6,PUBS,DBW
40,DART8D,8,DART,TYS
40,PUBS8E,8,PUBS,WOE
40,ENBU9R,9,ENBU,LNB
40,GEOG10C,10,GEOG,CAE
40,INFT10C,10,INFT,CLB
40,LSCI10C_2,10,LSCI,CSE
40,PHYS10C_1,10,PHYS,JDB
40,VART10C,10,VART,AHN
40,AFRI11C,11,AFRI,MAD
40,MLIT12C,12,MLIT,MKN
40,ZULU11C,11,ZULU,SBM
40,DSTU2E,2,DSTU,VPA
40,ZULU5C,5,ZULU,NWN
40,ENGL6E,6,ENGL,AEW
40,GEOG7E,7,GEOG,LMK
40,MATH7R,7,MATH,KDL
40,MATH12C,12,MATH,JMJ
40,ENGL8R,8,ENGL,DJB
40,ENBU9E,9,ENBU,LNH
41,ENBU9E,9,ENBU,LNH
41,ENGL8R,8,ENGL,DJB
41,MATH12C,12,MATH,JMJ
41,HIST7E,7,HIST,ADT
41,MATH7R,7,MATH,KDL
41,ZULU11C,11,ZULU,SBM
41,MLIT12C,12,MLIT,MKN
41,CMUS4D,4,CMUS,ALW
41,LORI4R,4,LORI,CES
41,MSBS5C_1,5,MSBS,AEW
41,MSBS5C_2,5,MSBS,LMK
41,MSBS6C_1,6,MSBS,TPE
41,MSBS6C_2,6,MSBS,NWN
41,MATH8E,8,MATH,CHS
41,AFRI11C,11,AFRI,MAD
41,VART10C,10,VART,AHN
41,PHYS10C_1,10,PHYS,JDB
41,LSCI10C_2,10,LSCI,CSE
41,INFT10C,10,INFT,CLB
41,GEOG10C,10,GEOG,CAE
41,ENBU9R,9,ENBU,LNB
41,DART8D,8,DART,TYS
41,SOCS4E,4,SOCS,KMB
42,MATH8E,8,MATH,CHS
42,ENGL8D,8,ENGL,CWM
42,FREN9C,9,FREN,WOE
42,VART9C,9,VART,AHN
42,AFRI10C_1,10,AFRI,MAD
42,ZULU10C,10,ZULU,SBM
42,ACCO12C,12,ACCO,LNB
42,DART12C,12,DART,TYS
42,GEOG12C,12,GEOG,CAE
42,INFT12C,12,INFT,CLB
42,LSCI12C_2,12,LSCI,CSE
42,LORI7E,7,LORI,KDL
42,PUBS7R,7,PUBS,DBW
42,GEOG8R,8,GEOG,LMK
42,MUSC9C,9,MUSC,ALW
42,AFRI10C_2,10,AFRI,AST
42,LORI11R,11,LORI,LNH
43,MATH3D,3,MATH,SLE
43,ZULU4C,4,ZULU,YSM
43,TEST11R,11,TEST,JMJ
43,ENGL1D,1,ENGL,EKM
43,ENGL1E,1,ENGL,TKM
43,ENGL1R,1,ENGL,JYH
43,MATH2D,2,MATH,LM1
43,MATH2E,2,MATH,GNB
43,MATH2R,2,MATH,RJM
43,MATH3E,3,MATH,NLM
43,MATH3R,3,MATH,MBT
43,AFRI4C_1,4,AFRI,CES
43,AFRI4C_2,4,AFRI,KMB
43,TEST5E,5,TEST,AEW
43,TEST5R,5,TEST,LMK
43,TEST6E,6,TEST,TPE
43,TEST6R,6,TEST,NWN
43,TEST7E,7,TEST,MRM
43,TEST7R,7,TEST,KDL
43,TEST8D,8,TEST,DAD
43,TEST8E,8,TEST,SBM
43,TEST8R,8,TEST,TYS
43,TEST9E,9,TEST,LNB
43,TEST9R,9,TEST,VPA
43,TEST10E,10,TEST,CHS
43,TEST10R,10,TEST,MKN
43,TEST12R,12,TEST,MAD
43,TEST12E,12,TEST,AST
44,TEST12E,12,TEST,AST
44,ENGL4R,4,ENGL,CES
44,STG1S1R,21,STG1,LOH
44,STG2S2E,22,STG2,JJF
44,STG2S2R,22,STG2,SCZ
44,CARTS4E,24,CART,LVM
44,STG4S4R,24,STG4,NKH
44,STG3S3E,23,STG3,LAG
44,STG3S3R,23,STG3,KJE
44,STG5S5D,25,STG5,TNM
44,STG5S5E,25,STG5,LDP
44,STG5S5R,25,STG5,AFW
44,TEST12R,12,TEST,MAD
44,ENGL4D,4,ENGL,YSM
44,TEST10R,10,TEST,MKN
44,TEST10E,10,TEST,CHS
44,TEST9R,9,TEST,VPA
44,TEST9E,9,TEST,LNB
44,TEST8R,8,TEST,TYS
44,TEST8E,8,TEST,SBM
44,TEST8D,8,TEST,DAD
44,TEST7R,7,TEST,KDL
44,TEST7E,7,TEST,MRM
44,TEST6R,6,TEST,NWN
44,TEST6E,6,TEST,TPE
44,TEST5R,5,TEST,LMK
44,TEST5E,5,TEST,AEW
44,MATH3R,3,MATH,MBT
44,MATH3E,3,MATH,NLM
44,MATH2R,2,MATH,RJM
44,MATH2E,2,MATH,GNB
44,MATH2D,2,MATH,LM1
44,ENGL1R,1,ENGL,JYH
44,ENGL1E,1,ENGL,TKM
44,ENGL1D,1,ENGL,EKM
44,TEST11R,11,TEST,JMJ
44,ENGL4E,4,ENGL,KMB
44,MATH3D,3,MATH,SLE
45,ENGL4E,4,ENGL,KMB
45,DSTU2R,2,DSTU,VPA
45,ENGL3E,3,ENGL,NLM
45,MATH6E,6,MATH,ADT
45,MATH6R,6,MATH,KDL
45,ENBU8D,8,ENBU,LNH
45,ENGL9E,9,ENGL,DBW
45,HIST10C,10,HIST,DAD
45,STG1S1R,21,STG1,LOH
45,MATH12C,12,MATH,JMJ
45,ENGL4D,4,ENGL,YSM
45,CMUS1E,1,CMUS,ALW
45,MATH1D,1,MATH,EKM
45,MATH1R,1,MATH,JYH
45,CARTS4E,24,CART,LVM
45,ENGL4R,4,ENGL,CES
45,ENGL2D,2,ENGL,LM1
45,ENGL2E,2,ENGL,GNB
45,ENGL3D,3,ENGL,SLE
45,PHED3R,3,PHED,CRD
45,NSCI5E,5,NSCI,MRM
45,SOCS5R,5,SOCS,LMK
45,CART7R,7,CART,AHN
45,MATH7E,7,MATH,CHS
45,CODI8E,8,CODI,CLB
45,ENGL8R,8,ENGL,DJB
45,ENGL9R,9,ENGL,CWM
45,ACCO10C,10,ACCO,LNB
45,PHYS10C_1,10,PHYS,JDB
45,PHEDS2E,22,PHED,PLB
45,STG2S2R,22,STG2,SCZ
45,STG4S4R,24,STG4,NKH
45,CMUSS3E,23,CMUS,JLG
45,STG3S3R,23,STG3,KJE
45,STG5S5D,25,STG5,TNM
45,STG5S5E,25,STG5,LDP
45,STG5S5R,25,STG5,AFW
45,AFRI11C,11,AFRI,MAD
45,ZULU11C,11,ZULU,SBM
45,MLIT12C,12,MLIT,MKN
46,MLIT12C,12,MLIT,MKN
46,ENGL1E,1,ENGL,TKM
46,ZULU11C,11,ZULU,SBM
46,AFRI11C,11,AFRI,MAD
46,ENGL2R,2,ENGL,RJM
46,NSCI4D,4,NSCI,YSM
46,NSCI4E,4,NSCI,KMB
46,NSCI4R,4,NSCI,CES
46,STG4S4E,24,STG4,NHB
46,CMUSS3R,23,CMUS,JLG
46,STG3S3E,23,STG3,LAG
46,STG5S5D,25,STG5,TNM
46,STG5S5E,25,STG5,LDP
46,STG5S5R,25,STG5,AFW
46,ENGL1D,1,ENGL,EKM
46,PHYS10C_1,10,PHYS,JDB
46,ACCO10C,10,ACCO,LNB
46,ENGL9R,9,ENGL,CWM
46,ENGL8R,8,ENGL,DJB
46,CODI8E,8,CODI,CLB
46,MATH7E,7,MATH,CHS
46,CART7R,7,CART,AHN
46,NSCI5E,5,NSCI,MRM
46,PHED3R,3,PHED,CRD
46,ENGL3D,3,ENGL,SLE
46,ENGL2E,2,ENGL,GNB
46,ENGL2D,2,ENGL,LM1
46,PHEDS2R,22,PHED,PLB
46,STG2S2E,22,STG2,JJF
46,CARTS4R,24,CART,LVM
46,MATH1R,1,MATH,JYH
46,MATH12C,12,MATH,JMJ
46,STG1S1R,21,STG1,LOH
46,ENGL5R,5,ENGL,AEW
46,HIST10C,10,HIST,DAD
46,ENGL9E,9,ENGL,DBW
46,ENBU8D,8,ENBU,LNH
46,MATH6R,6,MATH,KDL
46,MATH6E,6,MATH,ADT
46,ENGL3E,3,ENGL,NLM
47,ENGL5R,5,ENGL,AEW
47,AFRI3D,3,AFRI,NLM
47,DSTU3E,3,DSTU,VPA
47,ZULU6C,6,ZULU,NWN
47,ENGL7E,7,ENGL,DBW
47,LSCI7R,7,LSCI,MKN
47,HIST8R,8,HIST,DAD
47,ENBU9E,9,ENBU,LNH
47,ENGL11R,11,ENGL,DJB
47,AFRI12C_2,12,AFRI,AST
47,CARTS4R,24,CART,LVM
47,STG2S2R,22,STG2,SCZ
47,STG4S4E,24,STG4,NHB
47,STG3S3R,23,STG3,KJE
47,DARTS5R,25,DART,JLG
47,STG5S5D,25,STG5,TNM
47,STG5S5E,25,STG5,LDP
47,STG3S3E,23,STG3,LAG
47,ENGL1D,1,ENGL,EKM
47,AFRI1R,1,AFRI,JYH
47,MATH2D,2,MATH,LM1
47,MATH2E,2,MATH,GNB
47,AFRI3R,3,AFRI,MBT
47,CMUS5E,5,CMUS,ALW
47,AFRI6C,6,AFRI,TPE
47,ENGL8D,8,ENGL,CWM
47,MATH8E,8,MATH,CHS
47,ENBU9R,9,ENBU,LNB
47,GEOG10C,10,GEOG,CAE
47,INFT10C,10,INFT,CLB
47,LSCI10C_2,10,LSCI,CSE
47,PHYS10C_1,10,PHYS,JDB
47,VART10C,10,VART,AHN
47,AFRI12C_1,12,AFRI,MAD
47,ZULU12C,12,ZULU,SBM
47,PHEDS1R,21,PHED,PLB
47,STG2S2E,22,STG2,JJF
47,NSCI4R,4,NSCI,CES
47,NSCI4E,4,NSCI,KMB
47,NSCI4D,4,NSCI,YSM
47,ENGL2R,2,ENGL,RJM
47,ENGL1E,1,ENGL,TKM
48,STG2S2E,22,STG2,JJF
48,STG3S3E,23,STG3,LAG
48,STG1S1R,21,STG1,LOH
48,STG4S4R,24,STG4,NKH
48,PHEDS3R,23,PHED,PLB
48,DARTS5E,25,DART,JLG
48,STG5S5D,25,STG5,TNM
48,STG5S5R,25,STG5,AFW
48,STG4S4E,24,STG4,NHB
48,STG2S2R,22,STG2,SCZ
49,MATH1D,1,MATH,EKM
49,STG4S4R,24,STG4,NKH
49,MATH1E,1,MATH,TKM
49,MATH1R,1,MATH,JYH
49,CMUS2D,2,CMUS,ALW
49,LORI2R,2,LORI,RJM
49,PHED2R,2,PHED,CRD
49,ZULU2E,2,ZULU,MRM
49,CART3D,3,CART,LVM
49,ENGL3E,3,ENGL,NLM
49,MATH3R,3,MATH,MBT
49,MATH4D,4,MATH,YSM
49,MATH4E,4,MATH,KMB
49,MATH4R,4,MATH,CES
49,AFRI5C,5,AFRI,TPE
49,SOCS6R,6,SOCS,LMK
49,LSCI8E,8,LSCI,MKN
49,AFRI9C_1,9,AFRI,MAD
49,ZULU9C,9,ZULU,SBM
49,ENGL10E,10,ENGL,CWM
49,MATH8D,8,MATH,CHS
49,BSTU11C,11,BSTU,LNH
49,DSTU11C,11,DSTU,VPA
49,PHYS11C,11,PHYS,JDB
49,ACCO12C,12,ACCO,LNB
49,DART12C,12,DART,TYS
49,GEOG12C,12,GEOG,CAE
49,INFT12C,12,INFT,CLB
49,STG2S2E,22,STG2,JJF
49,STG2S2R,22,STG2,SCZ
49,STG4S4E,24,STG4,NHB
49,PHEDS3E,23,PHED,PLB
49,STG3S3R,23,STG3,KJE
49,LSCI12C_2,12,LSCI,CSE
49,DARTS5D,25,DART,JLG
49,MATHS5E,25,MATH,LDP
49,MATHS5R,25,MATH,AFW
49,ZULU5C,5,ZULU,NWN
49,ENGL6E,6,ENGL,AEW
49,ENGL7R,7,ENGL,DBW
49,HIST7E,7,HIST,ADT
49,DGDN8R,8,DGDN,AHN
49,STG1S1R,21,STG1,LOH
49,AFRI9C_2,9,AFRI,AST
49,ENGL10R,10,ENGL,DJB
50,ENGL10R,10,ENGL,DJB
50,MATH7R,7,MATH,KDL
50,HIST9E,9,HIST,DAD
50,MATH9R,9,MATH,JMJ
50,STG1S1R,21,STG1,LOH
50,DGDN8R,8,DGDN,AHN
50,HIST7E,7,HIST,ADT
50,ENGL6E,6,ENGL,AEW
50,ZULU5C,5,ZULU,NWN
50,MATHS5R,25,MATH,AFW
50,CMUS2E,2,CMUS,ALW
50,ZULU2D,2,ZULU,MRM
50,STG2S2E,22,STG2,JJF
50,STG2S2R,22,STG2,SCZ
50,MATHS5E,25,MATH,LDP
50,LSCI12C_2,12,LSCI,CSE
50,STG3S3R,23,STG3,KJE
50,STG4S4E,24,STG4,NHB
50,STG4S4R,24,STG4,NKH
50,STG3S3E,23,STG3,LAG
50,STG5S5D,25,STG5,TNM
50,INFT12C,12,INFT,CLB
50,GEOG12C,12,GEOG,CAE
50,DART12C,12,DART,TYS
50,ACCO12C,12,ACCO,LNB
50,PHYS11C,11,PHYS,JDB
50,DSTU11C,11,DSTU,VPA
50,BSTU11C,11,BSTU,LNH
50,MATH8D,8,MATH,CHS
50,ENGL10E,10,ENGL,CWM
50,LSCI8E,8,LSCI,MKN
50,SOCS6R,6,SOCS,LMK
50,AFRI5C,5,AFRI,TPE
50,MATH4R,4,MATH,CES
50,MATH4E,4,MATH,KMB
50,MATH4D,4,MATH,YSM
50,MATH3R,3,MATH,MBT
50,ENGL3E,3,ENGL,NLM
50,CART3D,3,CART,LVM
50,PHED2R,2,PHED,CRD
50,LORI2R,2,LORI,RJM
50,MATH1R,1,MATH,JYH
50,MATH1E,1,MATH,TKM
50,MATH1D,1,MATH,EKM
51,CMUS1D,1,CMUS,ALW
51,ENGL1R,1,ENGL,JYH
51,MATH1E,1,MATH,TKM
51,STG2S2R,22,STG2,SCZ
51,ENGL2D,2,ENGL,LM1
51,STG2S2E,22,STG2,JJF
51,ENGL2E,2,ENGL,GNB
51,ENGL2R,2,ENGL,RJM
51,ENGL3D,3,ENGL,SLE
51,ENGL3R,3,ENGL,MBT
51,MATH3E,3,MATH,NLM
51,CART4D,4,CART,LVM
51,CODI4R,4,CODI,ADT
51,SOCS4E,4,SOCS,KMB
51,MATH5R,5,MATH,KDL
51,PHED6C,6,PHED,MRM
51,PHED6C,6,PHED,CRD
51,CODI8D,8,CODI,CLB
51,MATH8R,8,MATH,CHS
51,LORI9E,9,LORI,CWM
51,LORI9R,9,LORI,LNH
51,AFRI10C_1,10,AFRI,MAD
51,ZULU10C,10,ZULU,SBM
51,MATH11C,11,MATH,JMJ
51,MLIT11C,11,MLIT,MKN
51,VART12C,12,VART,AHN
51,STG4S4E,24,STG4,NHB
51,STG4S4R,24,STG4,NKH
51,STG5S5D,25,STG5,TNM
51,STG5S5E,25,STG5,LDP
51,STG5S5R,25,STG5,AFW
51,STG3S3E,23,STG3,LAG
51,STG3S3R,23,STG3,KJE
51,STG1S1R,21,STG1,LOH
51,ENGL5E,5,ENGL,AEW
51,DSTU6C,6,DSTU,VPA
51,DART7E,7,DART,TYS
51,ENBU7R,7,ENBU,LNB
51,ENGL8E,8,ENGL,DJB
51,AFRI10C_2,10,AFRI,AST
51,HIST12C,12,HIST,DAD
51,LSCI12C_1,12,LSCI,CSE
52,LSCI12C_1,12,LSCI,CSE
52,HIST12C,12,HIST,DAD
52,AFRI10C_2,10,AFRI,AST
52,ENBU7R,7,ENBU,LNB
52,DART7E,7,DART,TYS
52,DSTU6C,6,DSTU,VPA
52,ENGL5E,5,ENGL,AEW
52,STG3S3R,23,STG3,KJE
52,STG3S3E,23,STG3,LAG
52,ENGLS5E,25,ENGL,LDP
52,AFRI1D,1,AFRI,EKM
52,ENGL1R,1,ENGL,JYH
52,CMUS3D,3,CMUS,ALW
52,SOCS4E,4,SOCS,KMB
52,PHYS8E,8,PHYS,JDB
52,ENGLS5D,25,ENGL,TNM
52,ENGLS5R,25,ENGL,AFW
52,STG4S4R,24,STG4,NKH
52,STG4S4E,24,STG4,NHB
52,VART12C,12,VART,AHN
52,MLIT11C,11,MLIT,MKN
52,MATH11C,11,MATH,JMJ
52,ZULU10C,10,ZULU,SBM
52,AFRI10C_1,10,AFRI,MAD
52,LORI9R,9,LORI,LNH
52,LORI9E,9,LORI,CWM
52,MATH8R,8,MATH,CHS
52,CODI8D,8,CODI,CLB
52,PHED6C,6,PHED,CRD
52,PHED6C,6,PHED,MRM
52,MATH5R,5,MATH,KDL
52,CODI4R,4,CODI,ADT
52,CART4D,4,CART,LVM
52,MATH3E,3,MATH,NLM
52,ENGL3R,3,ENGL,MBT
52,ENGL2R,2,ENGL,RJM
52,ENGL2E,2,ENGL,GNB
52,ENGL2D,2,ENGL,LM1
52,MATH1E,1,MATH,TKM
53,ENGLS5R,25,ENGL,AFW
53,ENGLS5D,25,ENGL,TNM
53,ENGLS5E,25,ENGL,LDP
54,ENBU8E,8,ENBU,LNB
54,AFRI1E,1,AFRI,TKM
54,ENGL1R,1,ENGL,JYH
54,MATH1D,1,MATH,EKM
54,AFRI2E,2,AFRI,GNB
54,AFRI2R,2,AFRI,RJM
54,CMUS3R,3,CMUS,ALW
54,CODI3E,3,CODI,MBT
54,MATH3D,3,MATH,SLE
54,LORI4E,4,LORI,KMB
54,LORI4R,4,LORI,CES
54,SOCS4D,4,SOCS,YSM
54,NSCI5R,5,NSCI,MRM
54,LORI6E,6,LORI,ADT
54,NSCI6R,6,NSCI,LMK
54,AFRI7C_2,7,AFRI,TPE
54,LSCI11C,11,LSCI,CSE
54,BSTU10C,10,BSTU,LNH
54,DART10C,10,DART,TYS
54,FREN10C,10,FREN,WOE
54,LSCI10C_1,10,LSCI,MKN
54,INFT11C,11,INFT,CLB
54,HIST8D,8,HIST,DAD
54,DSTU2D,2,DSTU,VPA
54,MATH5E,5,MATH,KDL
54,AFRI7C_1,7,AFRI,AST
54,ZULU7C,7,ZULU,NWN
54,PHYS8R,8,PHYS,JDB
54,DGDN9R,9,DGDN,AHN
54,ENGL12R,12,ENGL,DJB
54,MATH9E,9,MATH,JMJ
54,ENGL12E,12,ENGL,DBW
55,ENGL12E,12,ENGL,DBW
55,ENGL12R,12,ENGL,DJB
55,ENGL6R,6,ENGL,AEW
55,MATH10C_2,,,JMJ
55,DGDN9R,9,DGDN,AHN
55,PHYS8R,8,PHYS,JDB
55,ZULU7C,7,ZULU,NWN
55,AFRI7C_1,7,AFRI,AST
55,MATH5E,5,MATH,KDL
55,HIST8D,8,HIST,DAD
55,INFT11C,11,INFT,CLB
55,LSCI11C,11,LSCI,CSE
55,MSBS4D,4,MSBS,CES
55,MSBS4E,4,MSBS,KMB
55,MSBS4R,4,MSBS,YSM
55,LORI5R,5,LORI,ADT
55,SOCS6E,6,SOCS,LMK
55,DGDN9E,9,DGDN,CWM
55,MATH10C,10,MATH,CHS
55,AFRI7C_2,7,AFRI,TPE
55,ENBU8E,8,ENBU,LNB
56,MATH10C,10,MATH,CHS
56,AFRI8C_1,8,AFRI,MAD
56,ZULU8C,8,ZULU,SBM
56,ACCO11C,11,ACCO,LNB
56,DART11C,11,DART,TYS
56,GEOG11C,11,GEOG,CAE
56,HIST11C,11,HIST,DAD
56,VART11C,11,VART,AHN
56,BSTU12C,12,BSTU,LNH
56,PHYS12C,12,PHYS,JDB
56,DGDN9E,9,DGDN,CWM
56,MATH10C_2,,,JMJ
56,LORI7E,7,LORI,ADT
56,LORI7R,7,LORI,KDL
56,AFRI8C_2,8,AFRI,AST
56,PUBS9R,9,PUBS,DBW
56,FREN11R,11,FREN,WOE
56,DSTU12C,12,DSTU,VPA
57,ZULU3E,3,ZULU,NWN
57,ENGL4E,4,ENGL,KMB
57,MATH5R,5,MATH,KDL
57,GEOG7E,7,GEOG,LMK
57,ENBU8D,8,ENBU,LNH
57,ENBU8R,8,ENBU,LNB
57,HIST9E,9,HIST,DAD
57,MATH12C,12,MATH,JMJ
57,ENGL6R,6,ENGL,AEW
57,MATH1D,1,MATH,EKM
57,MATH1E,1,MATH,TKM
57,MATH1R,1,MATH,JYH
57,ENGL2D,2,ENGL,LM1
57,ENGL2E,2,ENGL,GNB
57,ENGL2R,2,ENGL,RJM
57,ENGL3D,3,ENGL,SLE
57,ENGL3R,3,ENGL,MBT
57,ENGL4D,4,ENGL,YSM
57,ENGL4R,4,ENGL,CES
57,CART5E,5,CART,LVM
57,PUBS6E,6,PUBS,DBW
57,CMUS7R,7,CMUS,ALW
57,MATH8E,8,MATH,CHS
57,ENGL9R,9,ENGL,CWM
57,GEOG10C,10,GEOG,CAE
57,INFT10C,10,INFT,CLB
57,LSCI10C_2,10,LSCI,CSE
57,PHYS10C_1,10,PHYS,JDB
57,VART10C,10,VART,AHN
57,AFRI11C,11,AFRI,MAD
57,MLIT12C,12,MLIT,MKN
57,ZULU11C,11,ZULU,SBM
58,ZULU11C,11,ZULU,SBM
58,MATH7E,7,MATH,CHS
58,SPSC8C_1,8,SPSC,TGK
58,MLIT12C,12,MLIT,MKN
58,CODI1D,1,CODI,MRM
58,ENGL3E,3,ENGL,NLM
58,AFRI11C,11,AFRI,MAD
58,VART10C,10,VART,AHN
58,PHYS10C_1,10,PHYS,JDB
58,LSCI10C_2,10,LSCI,CSE
58,INFT10C,10,INFT,CLB
58,GEOG10C,10,GEOG,CAE
58,ENGL9R,9,ENGL,CWM
58,CART5E,5,CART,LVM
58,ENGL4R,4,ENGL,CES
58,ENGL4D,4,ENGL,YSM
58,ENGL3R,3,ENGL,MBT
58,STG2S2E,22,STG2,JJF
58,STG2S2R,22,STG2,SCZ
58,STG4S4E,24,STG4,NHB
58,STG4S4R,24,STG4,NKH
58,STG3S3E,23,STG3,LAG
58,STG3S3R,23,STG3,KJE
58,ENGLS5E,25,ENGL,LDP
58,PHEDS5D,25,PHED,PLB
58,STG5S5R,25,STG5,AFW
58,SPSC8C_2,8,SPSC,TPE
58,ENGL3D,3,ENGL,SLE
58,ENGL2R,2,ENGL,RJM
58,ENGL2E,2,ENGL,GNB
58,ENGL2D,2,ENGL,LM1
58,MATH1R,1,MATH,JYH
58,MATH1E,1,MATH,TKM
58,ENGL6R,6,ENGL,AEW
58,ENGL7R,7,ENGL,DBW
58,DSTU8C,8,DSTU,VPA
58,MATH12C,12,MATH,JMJ
58,MATH6E,6,MATH,ADT
58,STG1S1R,21,STG1,LOH
58,HIST9E,9,HIST,DAD
58,MATH5R,5,MATH,KDL
58,ENGL4E,4,ENGL,KMB
59,LORI1E,1,LORI,TKM
59,MATH9E,9,MATH,JMJ
59,CODI3D,3,CODI,MBT
59,ZULU3R,3,ZULU,NWN
59,ENGL4E,4,ENGL,KMB
59,ENGL5R,5,ENGL,AEW
59,MATH6E,6,MATH,ADT
59,DSTU8C,8,DSTU,VPA
59,AFRI12C_2,12,AFRI,AST
59,PHYS9R,9,PHYS,JDB
59,ENGL11R,11,ENGL,DJB
59,SPSC8C_2,8,SPSC,TPE
59,MATH1R,1,MATH,JYH
59,CART1D,1,CART,LVM
59,ENGLS5E,25,ENGL,LDP
59,PHED1E,1,PHED,CRD
59,AFRI2D,2,AFRI,LM1
59,MATH2E,2,MATH,GNB
59,MATH2R,2,MATH,RJM
59,MATH4D,4,MATH,YSM
59,FREN7C,7,FREN,MLD
59,MUSC7C,7,MUSC,ALW
59,MUSC7C,7,MUSC,CHM
59,BSTU10C,10,BSTU,LNH
59,DART10C,10,DART,TYS
59,FREN10C,10,FREN,WOE
59,LSCI10C_1,10,LSCI,MKN
59,AFRI12C_1,12,AFRI,MAD
59,ENGL3E,3,ENGL,NLM
59,SPSC8C_1,8,SPSC,TGK
59,MATH4R,4,MATH,CES
59,SOCS5E,5,SOCS,LMK
59,CODI6R,6,CODI,CLB
59,STG1S1R,21,STG1,LOH
59,STG2S2E,22,STG2,JJF
59,STG2S2R,22,STG2,SCZ
59,STG4S4E,24,STG4,NHB
59,STG4S4R,24,STG4,NKH
59,STG3S3E,23,STG3,LAG
59,STG3S3R,23,STG3,KJE
59,PHEDS5R,25,PHED,PLB
59,STG5S5D,25,STG5,TNM
59,ZULU12C,12,ZULU,SBM
60,ZULU12C,12,ZULU,SBM
60,MATH3R,3,MATH,MBT
60,ZULU2D,2,ZULU,MRM
60,MATH3E,3,MATH,NLM
60,STG4S4R,24,STG4,NKH
60,CODI6R,6,CODI,CLB
60,MATH4R,4,MATH,CES
60,LORI4E,4,LORI,KMB
60,LORI5E,5,LORI,ADT
60,SOCS6E,6,SOCS,LMK
60,FREN8C,8,FREN,WOE
60,FREN8C,8,FREN,MLD
60,MUSC8C,8,MUSC,ALW
60,MUSC8C,8,MUSC,CHM
60,VART8C,8,VART,AHN
60,ACCO10C,10,ACCO,LNB
60,PHYS10C_1,10,PHYS,JDB
60,STG1S1R,21,STG1,LOH
60,STG2S2E,22,STG2,JJF
60,STG2S2R,22,STG2,SCZ
60,STG4S4E,24,STG4,NHB
60,STG3S3E,23,STG3,LAG
60,STG3S3R,23,STG3,KJE
60,PHEDS5E,25,PHED,PLB
60,STG5S5D,25,STG5,TNM
60,STG5S5R,25,STG5,AFW
60,AFRI12C_1,12,AFRI,MAD
60,MATH4D,4,MATH,YSM
60,MATH2R,2,MATH,RJM
60,MATH2E,2,MATH,GNB
60,PHED1E,1,PHED,CRD
60,CART1D,1,CART,LVM
60,MATH1R,1,MATH,JYH
60,ENGL11R,11,ENGL,DJB
60,AFRI12C_2,12,AFRI,AST
60,ZULU3D,3,ZULU,NWN
60,MATH7R,7,MATH,KDL
60,PUBS7E,7,PUBS,DBW
60,GEOG9R,9,GEOG,CAE
60,HIST10C,10,HIST,DAD
60,ENGL5R,5,ENGL,AEW
60,MATH9E,9,MATH,JMJ
60,LORI1E,1,LORI,TKM
61,ZULU2R,2,ZULU,NWN
61,ENGL5E,5,ENGL,AEW
61,ENGL8E,8,ENGL,DJB
61,MATH7R,7,MATH,KDL
61,GEOG8R,8,GEOG,LMK
61,CODI9R,9,CODI,CLB
61,LSCI9E,9,LSCI,CSE
61,PHYS12C,12,PHYS,JDB
61,MATH10C_2,,,JMJ
61,FREN11R,11,FREN,WOE
61,DSTU12C,12,DSTU,VPA
61,AFRI1R,1,AFRI,JYH
61,CART1E,1,CART,LVM
61,STG4S4E,24,STG4,NHB
61,MATH3E,3,MATH,NLM
61,MATH3R,3,MATH,MBT
61,ENGL1D,1,ENGL,EKM
61,LORI2E,2,LORI,GNB
61,MATH2D,2,MATH,LM1
61,PHED2E,2,PHED,CRD
61,MATH3D,3,MATH,SLE
61,SOCS4D,4,SOCS,YSM
61,SOCS4R,4,SOCS,CES
61,NSCI5R,5,NSCI,MRM
61,FREN6C,6,FREN,MLD
61,MUSC6C,6,MUSC,ALW
61,MUSC6C,6,MUSC,CHM
61,LSCI7E,7,LSCI,MKN
61,MATH4E,4,MATH,KMB
61,ENGL8D,8,ENGL,CWM
61,MATH10C,10,MATH,CHS
61,ACCO11C,11,ACCO,LNB
61,DART11C,11,DART,TYS
61,GEOG11C,11,GEOG,CAE
61,HIST11C,11,HIST,DAD
61,VART11C,11,VART,AHN
61,BSTU12C,12,BSTU,LNH
61,STG1S1R,21,STG1,LOH
61,STG2S2E,22,STG2,JJF
61,STG2S2R,22,STG2,SCZ
61,PHEDS4R,24,PHED,PLB
61,STG3S3E,23,STG3,LAG
61,STG3S3R,23,STG3,KJE
61,ENGLS5D,25,ENGL,TNM
61,STG5S5E,25,STG5,LDP
61,STG5S5R,25,STG5,AFW
62,ENGL1R,1,ENGL,JYH
62,AFRI2R,2,AFRI,RJM
62,CODI2D,2,CODI,MRM
62,ENGL3E,3,ENGL,NLM
62,ENGL3R,3,ENGL,MBT
62,SOCS4D,4,SOCS,YSM
62,SOCS4R,4,SOCS,CES
62,FREN5C,5,FREN,MLD
62,AFRI6C,6,AFRI,TPE
62,STG2S2R,22,STG2,SCZ
62,ENGLS5D,25,ENGL,TNM
62,STG2S2E,22,STG2,JJF
62,BSTU12C,12,BSTU,LNH
62,PHEDS4E,24,PHED,PLB
62,STG4S4R,24,STG4,NKH
62,STG3S3E,23,STG3,LAG
62,STG3S3R,23,STG3,KJE
62,STG5S5E,25,STG5,LDP
62,STG5S5R,25,STG5,AFW
62,VART11C,11,VART,AHN
62,HIST11C,11,HIST,DAD
62,GEOG11C,11,GEOG,CAE
62,DART11C,11,DART,TYS
62,ACCO11C,11,ACCO,LNB
62,MATH10C,10,MATH,CHS
62,ENGL8D,8,ENGL,CWM
62,MATH4E,4,MATH,KMB
62,LSCI7E,7,LSCI,MKN
62,MATH3D,3,MATH,SLE
62,PHED2E,2,PHED,CRD
62,LORI2E,2,LORI,GNB
62,ENGL1D,1,ENGL,EKM
62,CART1E,1,CART,LVM
62,DSTU12C,12,DSTU,VPA
62,FREN11R,11,FREN,WOE
62,MATH10C_2,,,JMJ
62,PHYS12C,12,PHYS,JDB
62,MUSC5C,5,MUSC,ALW
62,ZULU6C,6,ZULU,NWN
62,LORI7R,7,LORI,ADT
62,STG1S1R,21,STG1,LOH
62,LSCI9E,9,LSCI,CSE
62,CODI9R,9,CODI,CLB
62,GEOG8R,8,GEOG,LMK
62,ENGL8E,8,ENGL,DJB
63,STG1S1R,21,STG1,LOH
63,STG2S2E,22,STG2,JJF
63,STG4S4E,24,STG4,NHB
63,STG4S4R,24,STG4,NKH
63,STG3S3E,23,STG3,LAG
63,STG3S3R,23,STG3,KJE
63,ENGLS5R,25,ENGL,AFW
63,STG2S2R,22,STG2,SCZ
63,STG5S5D,25,STG5,TNM
63,STG5S5E,25,STG5,LDP
64,ENGL1E,1,ENGL,TKM
64,ENGL1R,1,ENGL,JYH
64,CODI2R,2,CODI,MRM
64,MATH2D,2,MATH,LM1
64,AFRI3E,3,AFRI,NLM
64,CART3R,3,CART,LVM
64,ENGL3D,3,ENGL,SLE
64,MATH4D,4,MATH,YSM
64,MATH4E,4,MATH,KMB
64,MATH4R,4,MATH,CES
64,AFRI5C,5,AFRI,TPE
64,MATH6R,6,MATH,KDL
64,CART7E,7,CART,AHN
64,STG2S2E,22,STG2,JJF
64,STG2S2R,22,STG2,SCZ
64,STG5S5D,25,STG5,TNM
64,STG5S5E,25,STG5,LDP
64,ENGLS5R,25,ENGL,AFW
64,STG3S3R,23,STG3,KJE
64,STG3S3E,23,STG3,LAG
64,STG4S4R,24,STG4,NKH
64,STG4S4E,24,STG4,NHB
64,DSTU1D,1,DSTU,VPA
64,MATH2E,2,MATH,GNB
64,ZULU5C,5,ZULU,NWN
64,ENGL6E,6,ENGL,AEW
64,STG1S1R,21,STG1,LOH
64,HIST7R,7,HIST,ADT
65,HIST7R,7,HIST,ADT
65,STG1S1R,21,STG1,LOH
65,AFRI8C_2,8,AFRI,AST
65,ENGL9E,9,ENGL,DBW
65,MATH9R,9,MATH,JMJ
65,ENGL10R,10,ENGL,DJB
65,ENGL6E,6,ENGL,AEW
65,ZULU5C,5,ZULU,NWN
65,ENGL1D,1,ENGL,EKM
65,MATH1E,1,MATH,TKM
65,CODI2E,2,CODI,MRM
65,MATH2R,2,MATH,RJM
65,CMUS4R,4,CMUS,ALW
65,ENGL4D,4,ENGL,YSM
65,SOCS4E,4,SOCS,KMB
65,AFRI8C_1,8,AFRI,MAD
65,ZULU8C,8,ZULU,SBM
65,ENGL10E,10,ENGL,CWM
65,STG2S2R,22,STG2,SCZ
65,STG2S2E,22,STG2,JJF
65,CART7E,7,CART,AHN
65,MATH6R,6,MATH,KDL
65,AFRI5C,5,AFRI,TPE
65,ENGL3D,3,ENGL,SLE
65,CART3R,3,CART,LVM
65,AFRI3E,3,AFRI,NLM
65,MATH2D,2,MATH,LM1
65,ENGL1R,1,ENGL,JYH
65,BSTU11C,11,BSTU,LNH
65,DSTU11C,11,DSTU,VPA
65,PHYS11C,11,PHYS,JDB
65,ACCO12C,12,ACCO,LNB
65,DART12C,12,DART,TYS
65,GEOG12C,12,GEOG,CAE
65,INFT12C,12,INFT,CLB
65,LSCI12C_2,12,LSCI,CSE
65,STG4S4E,24,STG4,NHB
65,STG4S4R,24,STG4,NKH
65,STG3S3E,23,STG3,LAG
65,STG3S3R,23,STG3,KJE
65,MATHS5D,25,MATH,TNM
65,MATHS5R,25,MATH,AFW
65,MATHS5E,25,MATH,LDP
66,MATHS5E,25,MATH,LDP
66,MATH1D,1,MATH,EKM
66,MATHS5R,25,MATH,AFW
66,ENGL1E,1,ENGL,TKM
66,ENGL2E,2,ENGL,GNB
66,DART3E,3,DART,TPE
66,MATH3R,3,MATH,MBT
66,NSCI4D,4,NSCI,YSM
66,CART2D,2,CART,LVM
66,NSCI4E,4,NSCI,KMB
66,MATHS5D,25,MATH,TNM
66,STG3S3R,23,STG3,KJE
66,STG3S3E,23,STG3,LAG
66,STG4S4R,24,STG4,NKH
66,STG4S4E,24,STG4,NHB
66,NSCI4R,4,NSCI,CES
66,DART5R,5,DART,AEW
66,CMUS6R,6,CMUS,ALW
66,NSCI6E,6,NSCI,LMK
66,MATH8D,8,MATH,CHS
66,AFRI9C_1,9,AFRI,MAD
66,ZULU9C,9,ZULU,SBM
66,MATH11C,11,MATH,JMJ
66,PHYS8E,8,PHYS,JDB
66,MLIT11C,11,MLIT,MKN
66,VART12C,12,VART,AHN
66,ENGL10E,10,ENGL,CWM
66,MATH2R,2,MATH,RJM
66,ENGL10R,10,ENGL,DJB
66,DSTU1R,1,DSTU,VPA
66,AFRI3D,3,AFRI,NLM
66,MATH5E,5,MATH,KDL
66,DART7R,7,DART,TYS
66,ENGL7E,7,ENGL,DBW
66,CODI8R,8,CODI,CLB
66,AFRI9C_2,9,AFRI,AST
66,HIST12C,12,HIST,DAD
66,LSCI12C_1,12,LSCI,CSE
67,LSCI12C_1,12,LSCI,CSE
67,ZULU1R,1,ZULU,NWN
67,ENBU7E,7,ENBU,LNB
67,DSTU9C,9,DSTU,VPA
67,AFRI10C_2,10,AFRI,AST
67,HIST12C,12,HIST,DAD
67,CODI8R,8,CODI,CLB
67,DART7R,7,DART,TYS
67,MATH5E,5,MATH,KDL
67,VART12C,12,VART,AHN
67,DART2E,2,DART,ALW
67,MATH2R,2,MATH,RJM
67,MSBS3C_1,3,MSBS,NLM
67,MSBS3C_2,3,MSBS,MBT
67,MSBS3C_3,3,MSBS,SLE
67,LORI6E,6,LORI,ADT
67,NSCI6R,6,NSCI,LMK
67,SPSC9C_1,9,SPSC,TPE
67,SPSC9C_2,9,SPSC,TGK
67,AFRI10C_1,10,AFRI,MAD
67,ZULU10C,10,ZULU,SBM
67,MLIT11C,11,MLIT,MKN
67,PHYS8E,8,PHYS,JDB
67,MATH11C,11,MATH,JMJ
67,MATH8D,8,MATH,CHS
67,DART5R,5,DART,AEW
67,NSCI4R,4,NSCI,CES
67,NSCI4E,4,NSCI,KMB
67,CART2D,2,CART,LVM
67,NSCI4D,4,NSCI,YSM
67,ENGL1E,1,ENGL,TKM
67,MATH1D,1,MATH,EKM
68,ZULU10C,10,ZULU,SBM
68,LSCI8E,8,LSCI,MKN
68,MATH8R,8,MATH,CHS
68,INFT11C,11,INFT,CLB
68,LSCI11C,11,LSCI,CSE
68,LORI12C,12,LORI,LNH
68,AFRI10C_1,10,AFRI,MAD
68,SPSC9C_2,9,SPSC,TGK
68,SPSC9C_1,9,SPSC,TPE
68,AFRI10C_2,10,AFRI,AST
68,PHYS8D,8,PHYS,JDB
68,ENGL12C,12,ENGL,DJB
68,DSTU9C,9,DSTU,VPA